selectivity,log10_selectivity,interpolated_tau
0.001,-3.0,0.02939710240133281
0.01,-2.0,0.09196226203676128
0.1,-1.0,0.08146768425827197
0.5,-0.3010299956639812,0.03075200812274164
