selectivity,log10_selectivity,interpolated_tau
0.001,-3.0,0.10438473561764548
0.01,-2.0,0.10438473561764547
0.1,-1.0,0.1043847356176455
